text;created_at;coordinates;retweet_count;favorite_count;screen_name;location;lang;followers_count;geo_enabled;statuses_count;lat;long;hashtags
You're wasting your data üòÇüòÇ https://t.co/MnD90iiZSl;Wed Aug 17 13:36:45 +0000 2016;;0.0;0.0;Boss_Haruna;Abuja, Nigeria;en;301.0;True;9286.0;9.0643305;7.4892974;
RT @ellisonbg: An incredible collection of Jupyter notebooks-new O'Reilly book by @jakevdp , Data Science Handbook https://t.co/63Ma7xunKn;Wed Aug 17 13:36:46 +0000 2016;;0.0;0.0;timelyportfolio;Birmingham, Alabama, USA;en;2206.0;False;19551.0;33.5206824;-86.8024325;
RT @craigbrownphd: Amazon Kinesis Analytics and the road to Big Data's killer app: Kinesis Analytics makes i... https://t.co/WOUHY8eXS9 #Bi‚Ä¶;Wed Aug 17 13:36:47 +0000 2016;;0.0;0.0;sdenfr4shhh;Rhode Island;en;45.0;True;3620.0;41.7962409;-71.5992371;#Bi‚Ä¶
RT @P0lS0NlVY: he used her MI's to manipulate her and then threw her into acid and in the movie he tortured her to become harley https://t.‚Ä¶;Wed Aug 17 13:36:48 +0000 2016;;0.0;0.0;E_mily1998;home;en;233.0;True;4544.0;51.8253788;9.0184079;
@Bibobll @JubyPhonic_P We're both valor but Spark is love, Spark is life. https://t.co/yhQJQQJ3h8;Wed Aug 17 13:36:49 +0000 2016;;0.0;0.0;Gergory001;Pennsylvania, USA;en;1.0;False;45.0;40.9699889;-77.727883;
"Work smarter to get the best return on data analytics: 
https://t.co/fQe26Fc2jY";Wed Aug 17 13:36:51 +0000 2016;;0.0;0.0;DataSalon;Oxford, UK;en;1635.0;False;950.0;51.752225;-1.2583027;
Sentia_UK: 1ClickCassandraCluster for Your Big Data Center Cloud - https://t.co/HzceuBEDq6 The Absorbent Mind: https://t.co/iknHvitZbM;Wed Aug 17 13:37:00 +0000 2016;;0.0;0.0;CloudataNow;San Francisco, CA;en;880.0;False;2066870.0;37.7792808;-122.4192362;
No #datascience, no problem! Learn to ask big questions with data (even if you stink at math)‚Äî smart like how https://t.co/GFhzzC3fST;Wed Aug 17 13:37:01 +0000 2016;;0.0;0.0;ReverseHeadhunt;London, England;en;6664.0;False;2553.0;51.5073219;-0.1276473;#datascience,
RT @dailycampuslife: Brb planning next years summer vacation https://t.co/02jg6J1SIp;Wed Aug 17 13:37:02 +0000 2016;;0.0;0.0;theangiederosa;Connecticut, USA;en;157.0;True;1974.0;41.6500201;-72.7342162;
"Entities move data from tables to knowledge

#OReilly #Data #Science https://t.co/PWHQjuVL9v";Wed Aug 17 13:37:10 +0000 2016;;0.0;0.0;EdgarTwit1;Torres Vedras Portugal;en;609.0;False;64984.0;39.0925372;-9.2598536;#OReilly #Data #Science
RT @craigbrownphd: Amazon Kinesis Analytics and the road to Big Data's killer app: Kinesis Analytics makes i... https://t.co/WOUHY8eXS9 #Bi‚Ä¶;Wed Aug 17 13:37:11 +0000 2016;;0.0;0.0;URTheTlgersRoar;Canton, MO;en;333.0;True;4022.0;40.7989522;-81.3784444;#Bi‚Ä¶
RT @cxdig: The Hidden Danger of Big Data by @SenseableCity @DirkHelbing https://t.co/11OcJVALt1 https://t.co/8MSScdC9Ux;Wed Aug 17 13:37:11 +0000 2016;;0.0;0.0;MsFluffPawz;Webster NY;en;234.0;False;2314.0;43.2122851;-77.4299938;
RT @CRMTopNews: Making Big Data Drive Digital Transformation ‚Äì As Disru... https://t.co/nohehC6tFW via @Greyhound_R https://t.co/QLqDzQ0tzL;Wed Aug 17 13:37:16 +0000 2016;;0.0;0.0;BenjaminMarcon;Dublin, Irlande;fr;508.0;False;22562.0;53.3497645;-6.2602731;
RT @randal_olson: https://t.co/ye1XaaENfz : a #Python tool to download and manage TV shows. #entertainment https://t.co/bAwVaAR9vQ;Wed Aug 17 13:37:16 +0000 2016;;0.0;0.0;FenrirJP;Natsu...;en;3062.0;False;5914.0;48.204168;16.3467727;#Python #entertainment
RT @BestMovieLine: Monty Python and the Holy Grail https://t.co/wHZ2kHAzy5;Wed Aug 17 13:37:22 +0000 2016;;0.0;0.0;griffwilliams_;mcr;en;256.0;False;5525.0;51.7506898;-1.25311198253273;
"RT @MichelleVito: you show me love never apart, you're always there for me i'm alright. you are the spark üé∂ #LSS
@lizasoberano üòçüòç https://t‚Ä¶";Wed Aug 17 13:37:24 +0000 2016;;0.0;0.0;lovelyluv09;Shreveport, LA;en;489.0;True;75701.0;32.4828485;-93.8284831615932;#LSS
"#Why does my nested loop throw an exception in Python?
#Tech #News #HowTo
https://t.co/yzfQq1vEyF";Wed Aug 17 13:37:27 +0000 2016;;0.0;0.0;AdamSmitht1;CN;en;1410.0;False;468436.0;35.000074;104.999927;#Why #Tech #News #HowTo
RT @craigbrownphd: Amazon Kinesis Analytics and the road to Big Data's killer app: Kinesis Analytics makes i... https://t.co/WOUHY8eXS9 #Bi‚Ä¶;Wed Aug 17 13:37:34 +0000 2016;;0.0;0.0;j0nkavanaugh;Chicago;en;48.0;True;3571.0;41.8755546;-87.6244211;#Bi‚Ä¶
@QNAP_nas debuts double server TDS-16489U featuring dual @Intel #Xeon E5 #CPU for #bigdata computing @AnnaRibeiro9 https://t.co/hXZTgXxBPj;Wed Aug 17 13:37:34 +0000 2016;;0.0;0.0;IoTInnovator;Beverly Hills, CA;en;45.0;False;208.0;34.0736204;-118.4003562;#Xeon #CPU #bigdata
"RT @MichelleVito: you show me love never apart, you're always there for me i'm alright. you are the spark üé∂ #LSS
@lizasoberano üòçüòç https://t‚Ä¶";Wed Aug 17 13:37:35 +0000 2016;;0.0;0.0;jaypenpen;Atimonan, Calabarzon;en;7.0;False;81.0;13.9968413;121.9292345;#LSS
#Sr Software Engineer Java/Python/Javascript Fullstack #jobs #career #: #NJ-South Brunswick, This company run... https://t.co/Y7nThrUCI7;Wed Aug 17 13:37:35 +0000 2016;;0.0;0.0;jobnec;Deutschland;de;1555.0;False;93409.0;51.0834196;10.4234469;#Sr #jobs #career #: #NJ-South
You are the spark.;Wed Aug 17 13:37:42 +0000 2016;;0.0;0.0;aaaroonvargas;Angono,Rizal;en;220.0;True;1917.0;14.5253956;121.1534448;
"RT @Dory: It's always Florida. Always.  RT ‚Äù@SeriousStrange: A 17ft python pregnant with 87 eggs was caught in Florida."" https://t.co/pXJfj‚Ä¶";Wed Aug 17 13:37:44 +0000 2016;;0.0;0.0;LaurenKeller_;Orlando, FL;en;927.0;True;38676.0;28.5421175;-81.3790461;
yadakansei0228: HyperScale HyperConvergence Big Data Cloud Advanced Training - https://t.co/EVzY9GXwa2 Can I Help?: https://t.co/uv043HELe6;Wed Aug 17 13:37:54 +0000 2016;;0.0;0.0;CloudataNow;San Francisco, CA;en;880.0;False;2066874.0;37.7792808;-122.4192362;
"#Ukip üá¨üáß

Jean-Claude Juncker warned he could spark European CIVIL WAR with arrogant Brexit stance https://t.co/aKHFZviimU";Wed Aug 17 13:37:54 +0000 2016;;0.0;0.0;Fight4UK;GREAT BRITAIN ;en;15440.0;False;195780.0;54.31536155;-1.91802339480124;#Ukip
"RT @Dory: It's always Florida. Always.  RT ‚Äù@SeriousStrange: A 17ft python pregnant with 87 eggs was caught in Florida."" https://t.co/pXJfj‚Ä¶";Wed Aug 17 13:37:55 +0000 2016;;0.0;0.0;jazlynnivette;Florida, USA;en;162.0;False;1732.0;27.7567667;-81.4639834;
"RT @SecurityTube: #Python for Hackers &amp; Pentesters, https://t.co/CxZwWl3fPy Join professionals from 90+ countries! Grab Your Seat Now! http‚Ä¶";Wed Aug 17 13:37:55 +0000 2016;;0.0;0.0;AqilahArffin;Kuala Perlis, Perlis;en;639.0;True;4984.0;6.400695;100.136108;#Python
SanDisk Big Data and Flash: Why Is This the Future? [Video] | 7wData https://t.co/m4o3l7gODF;Wed Aug 17 13:38:01 +0000 2016;;0.0;0.0;PhilMarshman;Swindon, England;en;2517.0;True;425.0;51.5613683;-1.7856852;
1llan: 1ClickCassandraCluster for Your Big Data Center Cloud - https://t.co/HzceuBEDq6 Pro Puppet: https://t.co/SbOmyhPREc;Wed Aug 17 13:38:01 +0000 2016;;0.0;0.0;CloudataNow;San Francisco, CA;en;880.0;False;2066876.0;37.7792808;-122.4192362;
"Big data and robotics: A long history together &gt;https://t.co/FCC0iRS9jJ&lt; #analytics #BigData #robotics @ZDNet https://t.co/OsKJeyqCJb";Wed Aug 17 13:38:02 +0000 2016;;0.0;0.0;MTI_France;Croissy sur Seine;fr;631.0;True;2215.0;48.8792031;2.1325772;#analytics #BigData #robotics
"#thoughtposition #sculpture
a spark between
over and over again
began to corrode";Wed Aug 17 13:38:15 +0000 2016;;0.0;0.0;thoughtposition;Huddersfield, England;en;34.0;False;7417.0;53.6467031;-1.7832076;#thoughtposition #sculpture
lws_101: 1ClickSparkCluster for Your Big Data Center Cloud - https://t.co/Xt9pA8vyao Big Data poder los datos: https://t.co/862zIwgbhd;Wed Aug 17 13:38:19 +0000 2016;;0.0;0.0;CloudataNow;San Francisco, CA;en;880.0;False;2066877.0;37.7792808;-122.4192362;
RT @BestMovieLine: Monty Python and the Holy Grail https://t.co/wHZ2kHAzy5;Wed Aug 17 13:38:20 +0000 2016;;0.0;0.0;JacobAlley12;Elmhurst, IL;en;349.0;False;1676.0;41.8994745;-87.9403417;
RT @OReillyMedia: Get beyond the basics of Python with @redsymbol 's 2-day hands-on, in-depth Python training Aug 23-24 https://t.co/rpcos0‚Ä¶;Wed Aug 17 13:38:29 +0000 2016;;0.0;0.0;MikeHerman;Denver, CO;en;802.0;True;8114.0;39.7391536;-104.9847033;
Staying w a nigga for the night for a spark up lmaoooooo bitch please don't get me staaaaarted;Wed Aug 17 13:38:37 +0000 2016;;0.0;0.0;kbellexx;University of Rhode Island;en;9689.0;True;60015.0;41.8295635;-71.4162769;
#Psychosocial #BigData = better patient care/outcomes @MandiBPro @ProfAmyE @keenzai https://t.co/1ImD2zNXmA #hcldr #hit #healthcare #nih;Wed Aug 17 13:38:39 +0000 2016;;0.0;0.0;mbschoening;Boston area;en;221.0;True;683.0;14.5879878;120.9677966;#Psychosocial #BigData #hcldr #hit #healthcare #nih
RT @BestMovieLine: Monty Python and the Holy Grail https://t.co/wHZ2kHAzy5;Wed Aug 17 13:38:41 +0000 2016;;0.0;0.0;TheNickRamirez;Valparaiso, Chile;es;569.0;False;9973.0;-33.0462474;-71.6198031;
idhstg: 1ClickSparkCluster for Your Big Data Center Cloud - https://t.co/Xt9pA8vyao Global Marketing Kate Gillespie: https://t.co/EW3O6aTXJE;Wed Aug 17 13:38:45 +0000 2016;;0.0;0.0;CloudataNow;San Francisco, CA;en;880.0;False;2066879.0;37.7792808;-122.4192362;
especially when you are buying BIG DATA?;Wed Aug 17 13:38:46 +0000 2016;;0.0;0.0;ficoshutdown181;Oregon, USA;en;1545.0;False;24460.0;43.9792797;-120.7372569;
"This ""hack"" should be turned in to an official #python PEP, so useful (even hacky) https://t.co/GuWFCdRJ73";Wed Aug 17 13:38:47 +0000 2016;;0.0;0.0;rochacbruno;S√£o Paulo, Brasil;pt;2580.0;True;24503.0;-23.5506506;-46.6333823;#python
cabhijeet: 1ClickKafkaCluster for Your Big Data Center Cloud - https://t.co/nw2oSUiyRB Start-up Entrepreneur: 2: https://t.co/BWQvuu1iBw;Wed Aug 17 13:38:52 +0000 2016;;0.0;0.0;CloudataNow;San Francisco, CA;en;880.0;False;2066880.0;37.7792808;-122.4192362;
This #job might be a great fit for you: Software Engineer-Hadoop-ETL - https://t.co/8S5e2eD2A1 #IT #Newton, MA https://t.co/7RF1JUGknt;Wed Aug 17 13:38:57 +0000 2016;{'type': 'Point', 'coordinates': [-70.963869, 42.267327]};0.0;0.0;FTGiGSJobs;Saint Simons Island, GA;en;1167.0;True;8687.0;31.2182863;-81.3612076;#job #IT #Newton,
Why Athletes are using Big Data and Analytics to win Olympic Games? #BigData #Rio2016 https://t.co/hG7OGQAs2f;Wed Aug 17 13:39:00 +0000 2016;;0.0;0.0;CharleneMaoFR;France;en;37.0;False;112.0;46.603354;1.8883335;#BigData #Rio2016
@QNAP_nas debuts double server TDS-16489U featuring dual @Intel #Xeon E5 #CPU for #bigdata computing #datacenter https://t.co/j07HdOEeJ7;Wed Aug 17 13:39:03 +0000 2016;;0.0;0.0;AnnaRibeiro9;Bangalore, India;en;501.0;False;10308.0;12.9791198;77.5912997;#Xeon #CPU #bigdata #datacenter
RT @HeathWallace: Five interesting ways tech is being used in sports https://t.co/suFSqAVY7B via @techworldnews;Wed Aug 17 13:39:05 +0000 2016;;0.0;0.0;techworldnews;London, England;en;13110.0;True;15711.0;51.5073219;-0.1276473;
RT @craigbrownphd: Amazon Kinesis Analytics and the road to Big Data's killer app: Kinesis Analytics makes i... https://t.co/WOUHY8eXS9 #Bi‚Ä¶;Wed Aug 17 13:39:06 +0000 2016;;0.0;0.0;DrewHershey1;Johnston, IA;en;252.0;True;4141.0;41.6731523;-93.6973394;#Bi‚Ä¶
RT @TheBeyHiveTeam: And don't come in our mentions trying to spark that old Legion beef. Legion the only 1 keeping ya'll laced with updates‚Ä¶;Wed Aug 17 13:39:06 +0000 2016;;0.0;0.0;BeyonceBrooklyn;UK;en;2413.0;True;39281.0;54.7023545;-3.2765752;
"RT @MichelleVito: you show me love never apart, you're always there for me i'm alright. you are the spark üé∂ #LSS
@lizasoberano üòçüòç https://t‚Ä¶";Wed Aug 17 13:39:08 +0000 2016;;0.0;0.0;cardiogirl07;Davao City;en;63.0;False;14910.0;7.22650725;125.454887691355;#LSS
Check out @govtechnews' article about how government can use big data analytics for the altruistic good of citizens: https://t.co/CeN6Cit4k8;Wed Aug 17 13:39:08 +0000 2016;;0.0;0.0;SeamlessDocs;New York City;en;1038.0;True;1172.0;40.7305991;-73.9865811;
RT @BestMovieLine: Monty Python and the Holy Grail https://t.co/wHZ2kHAzy5;Wed Aug 17 13:39:17 +0000 2016;;0.0;0.0;vinicaz;Rio de Janeiro;pt;177.0;False;31355.0;-22.9110136;-43.2093726;
"RT @MichelleVito: you show me love never apart, you're always there for me i'm alright. you are the spark üé∂ #LSS
@lizasoberano üòçüòç https://t‚Ä¶";Wed Aug 17 13:39:18 +0000 2016;;0.0;0.0;AileenJannah;Dubai, UAE;en;474.0;False;14139.0;25.22761165;55.1750774842824;#LSS
How Hotels Are Now Benefiting From Big Data https://t.co/73GCacnBUg;Wed Aug 17 13:39:18 +0000 2016;;0.0;0.0;kortxltd;London, England;en;10861.0;False;3191.0;51.5073219;-0.1276473;
conosilac: 1ClickKafkaCluster for Your Big Data Center Cloud - https://t.co/nw2oSUA9J9 LG Optimus F3 Virgin Mobile: https://t.co/PF7oTOy5ey;Wed Aug 17 13:39:28 +0000 2016;;0.0;0.0;CloudataNow;San Francisco, CA;en;880.0;False;2066884.0;37.7792808;-122.4192362;
"1979  Monty Python's ""Life of Brian"" premieres ""Always Look On The Bright Side Of Life"" Eric Idle  https://t.co/TItYPh5w1A";Wed Aug 17 13:39:30 +0000 2016;;0.0;0.0;KBow5;Worthington/Columbus;en;940.0;False;48277.0;39.99389515;-83.0124866134615;
RT @Pitt_ATHLETICS: #PantherNation...Get a closer look at the #PittRetro uniforms: https://t.co/mQAGZnGUL4 https://t.co/ScocSHNYU2;Wed Aug 17 13:39:34 +0000 2016;;0.0;0.0;FragelloLA;Huntingdon, PA;en;573.0;True;10574.0;40.3446332;-78.0281184;#PantherNation...Get #PittRetro
‚ÄòBig Data‚Äô has quickly become an outdated, catch-all phrase for online marketers #Content https://t.co/hcIEVGkfqC https://t.co/n9UZZipfJx;Wed Aug 17 13:39:45 +0000 2016;;0.0;0.0;Jon_Gelberg;New York City;en;1379.0;True;2674.0;40.7305991;-73.9865811;#Content
@reggiewatts @_liooil sf? Spark Fun?;Wed Aug 17 13:39:50 +0000 2016;;0.0;0.0;3D_Solutions;Winnipeg, MB;en;128.0;False;171.0;49.8833343;-97.166674;
#raspberry #tech #pi - Python ‚Ä¢ Help programming dht11 sensor - https://t.co/BkpZjOvbdT - I am having trouble using my dht11 reading as a ‚Ä¶;Wed Aug 17 13:39:54 +0000 2016;;0.0;0.0;jimoiduts;Mountain View, CA;en;2487.0;False;5215.0;37.3855745;-122.0820499;#raspberry #tech #pi
"Efficient String Concatenation in #Python

.join() wins ....

https://t.co/P9FnZlYvvg";Wed Aug 17 13:39:58 +0000 2016;;0.0;0.0;postenterprise;London, England;en;431.0;False;4166.0;51.5073219;-0.1276473;#Python
Lucky me https://t.co/jciBtpn7wS;Wed Aug 17 13:40:01 +0000 2016;;0.0;0.0;isabellajcurtis;Florida, USA;en;56.0;False;97.0;27.7567667;-81.4639834;
#python_assignment and submission deadline is  close. Get help from python experts https://t.co/07lrFZ05et;Wed Aug 17 13:40:01 +0000 2016;;0.0;0.0;Essay_Corp;Australia;en;914.0;False;4439.0;-24.7761085;134.755;#python_assignment
"RT @MichelleVito: you show me love never apart, you're always there for me i'm alright. you are the spark üé∂ #LSS
@lizasoberano üòçüòç https://t‚Ä¶";Wed Aug 17 13:40:08 +0000 2016;;0.0;0.0;BamosNelsa;Boracay Island, Philippines;en;228.0;False;14650.0;11.9693449;121.922731243477;#LSS
#science Nearly two decades of data reinforce concerns that pesticides are really bad for bees ‚Äì‚Ä¶ https://t.co/BgiXNXg4D2 #maths #tech;Wed Aug 17 13:40:09 +0000 2016;;0.0;0.0;librarynext;Virtual World;en;780.0;False;84437.0;15.591717;73.810089;#science #maths #tech
"RT @ULTIMATE_LQFANB: I made a cover of SPARK. Hope it's not too offensive to the ears üôàüòÅ

Art by @mspainteilyn ‚úè

@lizasoberano üíô https://t‚Ä¶";Wed Aug 17 13:40:10 +0000 2016;;0.0;0.0;hunnycrise;Central Region, Singapore;en;183.0;True;101125.0;1.28584945;103.806995929441;
"RT @ULTIMATE_LQFANB: I made a cover of SPARK. Hope it's not too offensive to the ears üôàüòÅ

Art by @mspainteilyn ‚úè

@lizasoberano üíô https://t‚Ä¶";Wed Aug 17 13:40:11 +0000 2016;;0.0;0.0;onetwotria;reg's;en;563.0;True;5091.0;41.779955;0.8342466;
EmereoBooks: 1ClickSparkCluster for Your Big Data Center Cloud - https://t.co/Xt9pA8vyao What Wish Knew When Was: https://t.co/G5Dj5WeTeH;Wed Aug 17 13:40:15 +0000 2016;;0.0;0.0;CloudataNow;San Francisco, CA;en;880.0;False;2066886.0;37.7792808;-122.4192362;
6 Great Reasons to Bend Big Data to your Will - markITwrite https://t.co/Q4RMykzFdW #BigData;Wed Aug 17 13:40:17 +0000 2016;;0.0;0.0;Brandsensations;Viersen, Germany;de;4677.0;True;14972.0;51.2561445;6.3904284;#BigData
# dog #python #newvideo Animal Fight to Death - Dog vs Python https://t.co/6eZ0Cyj3DV;Wed Aug 17 13:40:17 +0000 2016;;0.0;0.0;SinclairOZ;United States;en;37.0;True;1331.0;39.7837304;-100.4458824;# #python #newvideo
"RT @ULTIMATE_LQFANB: I made a cover of SPARK. Hope it's not too offensive to the ears üôàüòÅ

Art by @mspainteilyn ‚úè

@lizasoberano üíô https://t‚Ä¶";Wed Aug 17 13:40:19 +0000 2016;;0.0;0.0;JusFuertes;Puerto Princesa City;en;403.0;True;3007.0;9.8688777;118.7479986;
Great movieüòÇüòÇ https://t.co/V8pdVeMgR1;Wed Aug 17 13:40:21 +0000 2016;;0.0;0.0;LPerez400m;614‚úàÔ∏è302/336;en;1802.0;True;52931.0;13.7979205;100.5880152;
RT @BestMovieLine: Monty Python and the Holy Grail https://t.co/wHZ2kHAzy5;Wed Aug 17 13:40:24 +0000 2016;;0.0;0.0;LPerez400m;614‚úàÔ∏è302/336;en;1802.0;True;52932.0;13.7979205;100.5880152;
"RT @Fight4UK: #Ukip üá¨üáß

Jean-Claude Juncker warned he could spark European CIVIL WAR with arrogant Brexit stance https://t.co/aKHFZviimU";Wed Aug 17 13:40:26 +0000 2016;;0.0;0.0;ONCEaBLUE2012;Salford;en-gb;40.0;True;703.0;53.4877463;-2.289192;#Ukip
@TacticalTony702 @amountainman69 @bikesnbullets17 They spray our skies daily then everything erupts like crazy w/a little spark;Wed Aug 17 13:40:29 +0000 2016;;0.0;0.0;PoliticalPort;USA;en;2606.0;False;52045.0;39.7837304;-100.4458824;
"RT @ULTIMATE_LQFANB: I made a cover of SPARK. Hope it's not too offensive to the ears üôàüòÅ

Art by @mspainteilyn ‚úè

@lizasoberano üíô https://t‚Ä¶";Wed Aug 17 13:40:33 +0000 2016;;0.0;0.0;Trishhhh11;sa bahay;en;12.0;False;2024.0;12.6369835;124.437435426217;
"RT @lizasoberano: Listen to ""Spark,"" my single from the Dolce Amore OST album - now on Spotify. Physical release on August 19! ‚ù§Ô∏è https://t‚Ä¶";Wed Aug 17 13:40:33 +0000 2016;;0.0;0.0;rolainelorraine;Quezon Quezon;en;354.0;True;10313.0;14.066667;122.133333;
The many layers of NoSQL big data security - Gemalto blog #bigdata - https://t.co/LVqiwKGWHJ https://t.co/QwT7llTHdd;Wed Aug 17 13:40:34 +0000 2016;;0.0;0.0;ElsaToutlemonde;Madrid;en;210.0;True;473.0;40.4167047;-3.7035824;#bigdata
"RT @MichelleVito: you show me love never apart, you're always there for me i'm alright. you are the spark üé∂ #LSS
@lizasoberano üòçüòç https://t‚Ä¶";Wed Aug 17 13:40:36 +0000 2016;;0.0;0.0;KingMylene;Los Angeles, CA;en;12.0;False;1360.0;34.0543942;-118.2439408;#LSS
RT @machinelearnbot: Guide To High Performance Distributed Computing: Case Studies With Hadoop, Scalding A here  https://t.co/UVwg4H1xH1 #h‚Ä¶;Wed Aug 17 13:40:37 +0000 2016;;0.0;0.0;CornellMBA_IC;New York, USA;en;1834.0;True;19132.0;40.7305991;-73.9865811;#h‚Ä¶
"RT @ULTIMATE_LQFANB: I made a cover of SPARK. Hope it's not too offensive to the ears üôàüòÅ

Art by @mspainteilyn ‚úè

@lizasoberano üíô https://t‚Ä¶";Wed Aug 17 13:40:38 +0000 2016;;0.0;0.0;allybc17;At the crossroads..;en;33.0;False;3023.0;54.2382505;-2.9193406;
"RT @ULTIMATE_LQFANB: I made a cover of SPARK. Hope it's not too offensive to the ears üôàüòÅ

Art by @mspainteilyn ‚úè

@lizasoberano üíô https://t‚Ä¶";Wed Aug 17 13:40:38 +0000 2016;;0.0;0.0;iamkathlene0314;Calamba City, Calabarzon;en;2.0;False;1.0;14.20332695;121.15481880539;
"RT @ULTIMATE_LQFANB: I made a cover of SPARK. Hope it's not too offensive to the ears üôàüòÅ

Art by @mspainteilyn ‚úè

@lizasoberano üíô https://t‚Ä¶";Wed Aug 17 13:40:40 +0000 2016;;0.0;0.0;soberabno;nuggets;en;1158.0;True;335.0;42.3485752;-71.0943232;
"RT @ULTIMATE_LQFANB: I made a cover of SPARK. Hope it's not too offensive to the ears üôàüòÅ

Art by @mspainteilyn ‚úè

@lizasoberano üíô https://t‚Ä¶";Wed Aug 17 13:40:42 +0000 2016;;0.0;0.0;LIZAnianzLguna;Pila Laguna ;en;2925.0;False;6355.0;14.2374875;121.3618083;
RT @MongoDB: #MongoDB named a leader in The @Forrester Wave: #BigData #NoSQL Q3 2016‚Äã. Download it now: https://t.co/in4nG37gX2 https://t.c‚Ä¶;Wed Aug 17 13:40:45 +0000 2016;;0.0;0.0;jeanepaul;west tokyo;en;717.0;True;55698.0;35.666924;139.724555;#MongoDB #BigData #NoSQL
RT @machinelearnbot: Hadoop Big Data Interview Questions (illustrated): Shyam Mallesh here  https://t.co/m1h4dyxnXd #hadoop @machinelearnbot;Wed Aug 17 13:40:46 +0000 2016;;0.0;0.0;CornellMBA_IC;New York, USA;en;1834.0;True;19135.0;40.7305991;-73.9865811;#hadoop
"RT @ULTIMATE_LQFANB: I made a cover of SPARK. Hope it's not too offensive to the ears üôàüòÅ

Art by @mspainteilyn ‚úè

@lizasoberano üíô https://t‚Ä¶";Wed Aug 17 13:40:46 +0000 2016;;0.0;0.0;PrettyVessa;Paris, France;en;181.0;False;1294.0;48.8566101;2.3514992;
Walay spark ang born for you! üòü;Wed Aug 17 13:40:48 +0000 2016;;0.0;0.0;estano2009;Dumaguete City;en;80.0;True;991.0;9.3054777;123.3080446;
RT @craigbrownphd: Amazon Kinesis Analytics and the road to Big Data's killer app: Kinesis Analytics makes i... https://t.co/WOUHY8eXS9 #Bi‚Ä¶;Wed Aug 17 13:40:52 +0000 2016;;0.0;0.0;iresonm6;Detroit;en;56.0;True;3360.0;42.3486635;-83.0567374;#Bi‚Ä¶
_moam4: HyperScale HyperConvergence Big Data Cloud Advanced Training - https://t.co/fFZnt8PZ0S 19th Wife: A Novel: https://t.co/sPjKcNem7e;Wed Aug 17 13:40:56 +0000 2016;;0.0;0.0;CloudataNow;San Francisco, CA;en;880.0;False;2066889.0;37.7792808;-122.4192362;
"RT @ayeshakhan251: Burqa clad Extremist  #Hindu from #RSS caught Red handed while Throwing Beef at Hindu Temple to spark &amp; Muslim riots htt‚Ä¶";Wed Aug 17 13:40:57 +0000 2016;;0.0;0.0;Ashikhan251;Pakistan | Kashmir|;en;24711.0;True;22722.0;34.3752779;73.4730602;#Hindu #RSS
"RT @ULTIMATE_LQFANB: I made a cover of SPARK. Hope it's not too offensive to the ears üôàüòÅ

Art by @mspainteilyn ‚úè

@lizasoberano üíô https://t‚Ä¶";Wed Aug 17 13:40:58 +0000 2016;;0.0;0.0;sarinasaito_;E;en;1029.0;True;54555.0;8.166667;-69.8333329;
"RT @ULTIMATE_LQFANB: I made a cover of SPARK. Hope it's not too offensive to the ears üôàüòÅ

Art by @mspainteilyn ‚úè

@lizasoberano üíô https://t‚Ä¶";Wed Aug 17 13:40:58 +0000 2016;;0.0;0.0;Iam_Hayzeel;Wonderland ‚ú®;en;129.0;False;1819.0;16.3131877;121.1297478;
"RT @ULTIMATE_LQFANB: I made a cover of SPARK. Hope it's not too offensive to the ears üôàüòÅ

Art by @mspainteilyn ‚úè

@lizasoberano üíô https://t‚Ä¶";Wed Aug 17 13:41:02 +0000 2016;;0.0;0.0;dendenmarieampo;Philippines;en;67.0;False;2049.0;12.7503486;122.7312101;
"RT @ULTIMATE_LQFANB: I made a cover of SPARK. Hope it's not too offensive to the ears üôàüòÅ

Art by @mspainteilyn ‚úè

@lizasoberano üíô https://t‚Ä¶";Wed Aug 17 13:41:04 +0000 2016;;0.0;0.0;vLaineUI;ÌïÑÎ¶¨ÌïÄ;en;123.0;True;2381.0;12.7503486;122.7312101;
"RT @Dory: It's always Florida. Always.  RT ‚Äù@SeriousStrange: A 17ft python pregnant with 87 eggs was caught in Florida."" https://t.co/pXJfj‚Ä¶";Wed Aug 17 13:41:04 +0000 2016;;0.0;0.0;Rebeccaharrisx;NY;en;546.0;True;54527.0;43.1561681;-75.8449945;
RT @PGOTeamValor: Every revolution begins with a spark. #TeamValor https://t.co/yvbBmfmFHu;Wed Aug 17 13:41:04 +0000 2016;;0.0;0.0;Miss_Plain_Jane;Texas;en;10.0;False;113.0;31.8160381;-99.5120985;#TeamValor
"RT @ULTIMATE_LQFANB: I made a cover of SPARK. Hope it's not too offensive to the ears üôàüòÅ

Art by @mspainteilyn ‚úè

@lizasoberano üíô https://t‚Ä¶";Wed Aug 17 13:41:05 +0000 2016;;0.0;0.0;zenny_joy;Philippines;en;77.0;True;295.0;12.7503486;122.7312101;
"RT @ULTIMATE_LQFANB: I made a cover of SPARK. Hope it's not too offensive to the ears üôàüòÅ

Art by @mspainteilyn ‚úè

@lizasoberano üíô https://t‚Ä¶";Wed Aug 17 13:41:06 +0000 2016;;0.0;0.0;aeinkixzer;balungao, pangasinan;en;13.0;False;65.0;15.8983735;120.6724552;
"RT @MichelleVito: you show me love never apart, you're always there for me i'm alright. you are the spark üé∂ #LSS
@lizasoberano üòçüòç https://t‚Ä¶";Wed Aug 17 13:41:07 +0000 2016;;0.0;0.0;LReigna;Pasig city, Philippines;en;35.0;False;5455.0;11.1075813;122.4738288;#LSS
"RT @ULTIMATE_LQFANB: I made a cover of SPARK. Hope it's not too offensive to the ears üôàüòÅ

Art by @mspainteilyn ‚úè

@lizasoberano üíô https://t‚Ä¶";Wed Aug 17 13:41:12 +0000 2016;;0.0;0.0;IsabellaAnne5;ÿßŸÑÿØŸàÿ≠ÿ©, ÿØŸàŸÑÿ© ŸÇÿ∑ÿ±;en;0.0;False;38.0;25.2856329;51.5264162;
"RT @ULTIMATE_LQFANB: I made a cover of SPARK. Hope it's not too offensive to the ears üôàüòÅ

Art by @mspainteilyn ‚úè

@lizasoberano üíô https://t‚Ä¶";Wed Aug 17 13:41:19 +0000 2016;;0.0;0.0;lizasobayrano;spark ;en;858.0;False;18814.0;37.7707735;-122.391549575732;
"RT @ULTIMATE_LQFANB: I made a cover of SPARK. Hope it's not too offensive to the ears üôàüòÅ

Art by @mspainteilyn ‚úè

@lizasoberano üíô https://t‚Ä¶";Wed Aug 17 13:41:19 +0000 2016;;0.0;0.0;lizquen_kyla;Dolce Amore;ja;498.0;True;6155.0;37.7892086;-122.4223588;
"RT @ULTIMATE_LQFANB: I made a cover of SPARK. Hope it's not too offensive to the ears üôàüòÅ

Art by @mspainteilyn ‚úè

@lizasoberano üíô https://t‚Ä¶";Wed Aug 17 13:41:23 +0000 2016;;0.0;0.0;kimlugylle_;Republic of the Philippines;en;393.0;False;1448.0;12.7503486;122.7312101;
"How can we get python3 docs to show up before python2 docs in google? https://t.co/1uq7xCXjmT #Python 

With extremely small exception, I ‚Ä¶";Wed Aug 17 13:41:23 +0000 2016;;0.0;0.0;programmingncr;Gurgaon, Haryana, India;en;590.0;False;111575.0;28.4646148;77.0299194;#Python
#MotorolaMobility NZ firefighters adopt Motorola and Spark radio. Read more: https://t.co/h0DU4tZjnJ;Wed Aug 17 13:41:25 +0000 2016;;0.0;0.0;tc_equipment;San Mateo, CA;en;152.0;False;37012.0;37.496904;-122.3330572;#MotorolaMobility
"RT @ULTIMATE_LQFANB: I made a cover of SPARK. Hope it's not too offensive to the ears üôàüòÅ

Art by @mspainteilyn ‚úè

@lizasoberano üíô https://t‚Ä¶";Wed Aug 17 13:41:29 +0000 2016;;0.0;0.0;Desdes_Gil;Bipolar;en;455.0;False;15775.0;39.4737322;-0.3818643;
"RT @ULTIMATE_LQFANB: I made a cover of SPARK. Hope it's not too offensive to the ears üôàüòÅ

Art by @mspainteilyn ‚úè

@lizasoberano üíô https://t‚Ä¶";Wed Aug 17 13:41:32 +0000 2016;;0.0;0.0;maevi_rizza;Navotas City;en;28.0;False;112.0;14.6569825;120.9478036;
RT @openshift: Don't miss this new #OpenShift Commons #BigData session in a couple of hours. https://t.co/8ZcTiNQP2z;Wed Aug 17 13:41:35 +0000 2016;;0.0;0.0;Joerg1968;Munich, Bavaria;en;298.0;True;4491.0;48.1371079;11.5753822;#OpenShift #BigData
RT @SeriousStrange: A 17ft python pregnant with 87 eggs was caught in Florida. https://t.co/MM8milG7TV;Wed Aug 17 13:41:36 +0000 2016;;0.0;0.0;_PomegranateJas;Kansas, USA;en;985.0;True;23276.0;38.27312;-98.5821871;
"RT @MichelleVito: you show me love never apart, you're always there for me i'm alright. you are the spark üé∂ #LSS
@lizasoberano üòçüòç https://t‚Ä¶";Wed Aug 17 13:41:38 +0000 2016;;0.0;0.0;lizasoberano_ph;PH;en;10657.0;True;24768.0;12.44249325;122.160395163807;#LSS
Rethinking Chilled Water Temperatures Can Bring Big Savings in Data Center Cooling: There‚Äôs no sug... https://t.co/tEt5iTXYLO #IoT #IIoT;Wed Aug 17 13:41:38 +0000 2016;;0.0;0.0;weCONECTMedia;Berlin, London, Boston;de;23828.0;False;9047.0;42.3648603;-71.5938478;#IoT #IIoT
"#Why does my nested loop throw an exception in Python?
#Tech #Internet #Question #HowTO
https://t.co/9q4or5C0r6";Wed Aug 17 13:41:40 +0000 2016;;0.0;0.0;UriSamuels;USA;en;386.0;False;442518.0;39.7837304;-100.4458824;#Why #Tech #Internet #Question #HowTO
"RT @ULTIMATE_LQFANB: I made a cover of SPARK. Hope it's not too offensive to the ears üôàüòÅ

Art by @mspainteilyn ‚úè

@lizasoberano üíô https://t‚Ä¶";Wed Aug 17 13:41:46 +0000 2016;;0.0;0.0;ViaCiashet;Valenzuela City;en;88.0;True;970.0;14.5711849;121.0241195;
Big Data Byte: Analyzing the Medicaid expansion population https://t.co/zyURTfOm7T via @HealthITNews;Wed Aug 17 13:41:49 +0000 2016;;0.0;0.0;MrMazharShah;Pakistan;en;6686.0;False;68764.0;30.3308401;71.247499;
PR__Backlinks: Live Streaming Your Event to the World - https://t.co/wrTECwv9Jm Hadoop Action Chuck Lam 2010: https://t.co/3FcjHodcCV;Wed Aug 17 13:41:51 +0000 2016;;0.0;0.0;CloudataNow;San Francisco, CA;en;880.0;False;2066890.0;37.7792808;-122.4192362;
RT @Hema_SK_: Started frm t Spark! Now his films Never fail to Do big in BoxOfficeüòé Yes he is a Prince @Siva_Kartikeyan Naüòé #PrinceOfKollyw‚Ä¶;Wed Aug 17 13:41:53 +0000 2016;;0.0;0.0;indu_sk;india;en;1637.0;True;49079.0;22.3511148;78.6677428;#PrinceOfKollyw‚Ä¶
RT @openshift: Don't miss this new #OpenShift Commons #BigData session in a couple of hours. https://t.co/8ZcTiNQP2z;Wed Aug 17 13:41:58 +0000 2016;;0.0;0.0;JoshuaAllenHolm;Grand Rapids, MI;en;74.0;False;142.0;42.9632405;-85.6678638;#OpenShift #BigData
"@SkyNews Holy cr@p that's a looot of people. Thought networks &amp; big data were on the rise?";Wed Aug 17 13:42:00 +0000 2016;;0.0;0.0;ShameTorturers;Sydney, New South Wales;en;85.0;False;1428.0;-33.8679573;151.210047;
How can I check that a list has one and only one truthy value? #python https://t.co/1TWPVSTrZJ;Wed Aug 17 13:42:00 +0000 2016;;0.0;0.0;PythonQnA;Bengaluru, India;en;128.0;False;12454.0;12.9791198;77.5912997;#python
"RT @lizasoberano: Listen to ""Spark,"" my single from the Dolce Amore OST album - now on Spotify. Physical release on August 19! ‚ù§Ô∏è https://t‚Ä¶";Wed Aug 17 13:42:04 +0000 2016;;0.0;0.0;kayella11_me;Dammam Saudi Arabia ;en;66.0;False;2952.0;26.4367824;50.1039991;
"RT @lizasoberano: Listen to ""Spark,"" my single from the Dolce Amore OST album - now on Spotify. Physical release on August 19! ‚ù§Ô∏è https://t‚Ä¶";Wed Aug 17 13:42:04 +0000 2016;;0.0;0.0;mamaradloicka_;Wonderland;en;641.0;True;40343.0;16.3131877;121.1297478;
Use Big Data to Create Value for Customers, Not Just Target Them via @HarvardBiz https://t.co/G5IWo6Qqj4;Wed Aug 17 13:42:06 +0000 2016;;0.0;0.0;CarlAckermann;Appleton, WI;en;333.0;False;382.0;44.2611337;-88.4067603;
Tis' but a SCRATCH! https://t.co/mlDXrR1yWT;Wed Aug 17 13:42:06 +0000 2016;;0.0;0.0;Capotain_Media;Who Knows Where I am?;en;829.0;False;632.0;43.6848045;-79.6150858;
"RT @ULTIMATE_LQFANB: I made a cover of SPARK. Hope it's not too offensive to the ears üôàüòÅ

Art by @mspainteilyn ‚úè

@lizasoberano üíô https://t‚Ä¶";Wed Aug 17 13:42:07 +0000 2016;;0.0;0.0;jazzicban;Canada;en;48.0;False;271.0;61.0666922;-107.991707;
"RT @MichelleVito: you show me love never apart, you're always there for me i'm alright. you are the spark üé∂ #LSS
@lizasoberano üòçüòç https://t‚Ä¶";Wed Aug 17 13:42:16 +0000 2016;;0.0;0.0;rominapmrtnz;Marikina City;en;111.0;False;22371.0;14.6640304;121.101115169968;#LSS
We're #hiring! Click to apply: Python Admin - https://t.co/DX6gz0tSl8 #Job #IT #Riverwoods, IL #Jobs;Wed Aug 17 13:42:17 +0000 2016;{'type': 'Point', 'coordinates': [-87.897014, 42.1675254]};0.0;0.0;USJobsCognizant;Teaneck, USA;en;868.0;True;11585.0;40.8975992;-74.0159726;#hiring! #Job #IT #Riverwoods, #Jobs
BridgetoWealth: Live Streaming Your Event to the World - https://t.co/wrTECwdykM Python 3 al descubierto: https://t.co/zBiRuA1kwR;Wed Aug 17 13:42:19 +0000 2016;;0.0;0.0;CloudataNow;San Francisco, CA;en;880.0;False;2066892.0;37.7792808;-122.4192362;
sonicrank2: 1ClickStormCluster for Your Big Data Center Cloud - https://t.co/uTyoALAWoI 4D Concepts Corner TV Stand: https://t.co/qCGbMeSwNj;Wed Aug 17 13:42:20 +0000 2016;;0.0;0.0;CloudataNow;San Francisco, CA;en;880.0;False;2066893.0;37.7792808;-122.4192362;
Interview with #DataScience Hiring Manager: Nick Larusso, Graphiq https://t.co/fkaTe9hr5B;Wed Aug 17 13:42:20 +0000 2016;;0.0;0.0;sakalli;60.152756,24.655643;en;1402.0;True;5768.0;60.1526715;24.6554282;#DataScience
#Technology, #Science New Data Shows #Instagram Stories is Not Slowing #Snapchat Use - Yet ‚Ä¶ https://t.co/slT498pLLu;Wed Aug 17 13:42:24 +0000 2016;;0.0;0.0;SEMonline4u;United States;en-gb;120.0;False;1896.0;39.7837304;-100.4458824;#Technology, #Science #Instagram #Snapchat
RT @MongoDB: #MongoDB named a leader in The @Forrester Wave: #BigData #NoSQL Q3 2016‚Äã. Download it now: https://t.co/in4nG37gX2 https://t.c‚Ä¶;Wed Aug 17 13:42:25 +0000 2016;;0.0;0.0;schwartzrw;Williams Bay, WI;en;403.0;False;1547.0;42.5780721;-88.5409332;#MongoDB #BigData #NoSQL
"RT @ULTIMATE_LQFANB: I made a cover of SPARK. Hope it's not too offensive to the ears üôàüòÅ

Art by @mspainteilyn ‚úè

@lizasoberano üíô https://t‚Ä¶";Wed Aug 17 13:42:27 +0000 2016;;0.0;0.0;NBarbachano;Santo Tomas, Ilocos Region;en;22.0;False;23.0;15.878228;120.5860753;
#data science #big data - Benchmarking Digital Transformation - https://t.co/zt8kJzZQLq https://t.co/jJ7rNYilGN;Wed Aug 17 13:42:34 +0000 2016;;0.0;0.0;davidjcc_Zgz;Zaragoza ;es;6283.0;True;582492.0;41.6521342;-0.8809427;#data #big
"RT @ULTIMATE_LQFANB: I made a cover of SPARK. Hope it's not too offensive to the ears üôàüòÅ

Art by @mspainteilyn ‚úè

@lizasoberano üíô https://t‚Ä¶";Wed Aug 17 13:42:34 +0000 2016;;0.0;0.0;iCaKeyouu;Caker Towns;en;250.0;True;3477.0;51.1489036;-0.9757676;
MoneyOnMobile_: 1ClickSparkCluster for Your Big Data Center Cloud - https://t.co/Xt9pA8vyao More: https://t.co/EkT7homobk;Wed Aug 17 13:42:37 +0000 2016;;0.0;0.0;CloudataNow;San Francisco, CA;en;880.0;False;2066894.0;37.7792808;-122.4192362;
"RT @ULTIMATE_LQFANB: I made a cover of SPARK. Hope it's not too offensive to the ears üôàüòÅ

Art by @mspainteilyn ‚úè

@lizasoberano üíô https://t‚Ä¶";Wed Aug 17 13:42:39 +0000 2016;;0.0;0.0;85256875303M;Hongkong;en;30.0;False;27336.0;22.2793278;114.1628131;
RT @craigbrownphd: Amazon Kinesis Analytics and the road to Big Data's killer app: Kinesis Analytics makes i... https://t.co/WOUHY8eXS9 #Bi‚Ä¶;Wed Aug 17 13:42:39 +0000 2016;;0.0;0.0;jennlMlamb;Paragould, AR;en;14.0;True;1318.0;36.0584021;-90.4973285;#Bi‚Ä¶
Use Big Data to Create Value for Customers, Not Just Target Them https://t.co/A7AALD6DLM;Wed Aug 17 13:42:42 +0000 2016;;0.0;0.0;echostarcat;England;en;90.0;False;393.0;52.7954791;-0.540240236617432;
"RT @Dory: It's always Florida. Always.  RT ‚Äù@SeriousStrange: A 17ft python pregnant with 87 eggs was caught in Florida."" https://t.co/pXJfj‚Ä¶";Wed Aug 17 13:42:43 +0000 2016;;0.0;0.0;octafredi17;Jakarta - Jogja;en;224.0;True;2187.0;-7.7991377;110.3621344;
"RT @UofGSciEng: The IBM Bluemix #hackathon on 30/31 Aug @GlasgowCS! Interested in data/computing science &amp; smart cities? Come along! https:‚Ä¶";Wed Aug 17 13:42:43 +0000 2016;;0.0;0.0;LynneBCoSE;Glasgow, Scotland;en;119.0;False;85.0;55.856656;-4.2435816;#hackathon
so nice https://t.co/uIIPksn21H;Wed Aug 17 13:42:48 +0000 2016;;0.0;0.0;rose_janrose;Manila City;en;51.0;False;318.0;14.6783319;121.0649551;
RT @MzkayeL: #PushAwardsLizQuens cto lizasoberano: RT ULTIMATE_LQFANB: I made a cover of SPARK. Hope it's not too offensive to ‚Ä¶ https://t.‚Ä¶;Wed Aug 17 13:42:50 +0000 2016;;0.0;0.0;serten_ibarra;Dubai, United Arab Emirates;en;65.0;False;9232.0;25.2683521;55.2961962;#PushAwardsLizQuens
@cincylibrary director Kimberly Fender shares how customer data helps her make big decisions. @OrangeBoyInc https://t.co/Jvh5P0yEqF;Wed Aug 17 13:42:51 +0000 2016;;0.0;0.0;webmastergirl;Cincinnati, OH;en;2666.0;True;10995.0;39.1014537;-84.5124601;
New #job: Senior Developer - Scala, Java, Big Data, Banking,City of London .. https://t.co/JpSX3YAHcw #jobs #hiring;Wed Aug 17 13:42:57 +0000 2016;;0.0;0.0;TEKsystemsJobs;Europe & UK;en;812.0;False;315.0;52.4897433;-1.8540987;#job: #jobs #hiring
sad news: juice truck won't start for some odd reason. Pretty sure it the humidity/spark plug combo. Closed today :/ https://t.co/1A76QS8WGP;Wed Aug 17 13:42:58 +0000 2016;;0.0;0.0;JKJuices;Findlay, Ohio;en;130.0;False;433.0;41.0413873;-83.6503981;
Now Playing on #UniversityPulse - The Python - Tickley Feather - Tune in at https://t.co/B50ytDApC5;Wed Aug 17 13:42:59 +0000 2016;;0.0;0.0;PlayingPulse;Boise, Idaho;en;79.0;False;127657.0;43.61656;-116.2008349;#UniversityPulse
RT @openshift: Don't miss this new #OpenShift Commons #BigData session in a couple of hours. https://t.co/8ZcTiNQP2z;Wed Aug 17 13:43:00 +0000 2016;;0.0;0.0;binaryloom;Worldwide;en;2311.0;False;29257.0;53.4575797;-2.226672;#OpenShift #BigData
Big Data: By How Many People Are We Separated On This Planet? - https://t.co/xaiITjnZum;Wed Aug 17 13:43:00 +0000 2016;;0.0;0.0;Ahn_Rho;Antartica;en;15.0;False;186.0;-82.1081819;34.378236;
Almost time to sign in to watch the Rothschild webinar - Statistics and Data Science https://t.co/qjuuIA4mii https://t.co/VZY3jAflaE;Wed Aug 17 13:43:00 +0000 2016;;0.0;0.0;NewtonInstitute;Cambridge, UK;en;1870.0;False;592.0;52.2033051;0.124862;
nwhitington: 1ClickStormCluster for Your Big Data Center Cloud - https://t.co/uTyoALAWoI Python Bibliography: https://t.co/edpKnmByZn;Wed Aug 17 13:43:01 +0000 2016;;0.0;0.0;CloudataNow;San Francisco, CA;en;880.0;False;2066897.0;37.7792808;-122.4192362;
Within each heart is a spark of the Divine. These sparks of Divinity and love can reach into the darkness and... https://t.co/B81nrWukRL;Wed Aug 17 13:43:01 +0000 2016;;0.0;0.0;kevin_cieri;Long Branch, NJ;en;57.0;False;5361.0;40.3042778;-73.9923595;
Apply Today: Data Engineer, Apache Spark in McLean, VA https://t.co/OgdrKLbriO #job;Wed Aug 17 13:43:06 +0000 2016;;0.0;0.0;RWard_CapOne;McLean, VA;en;83.0;True;5022.0;38.9342888;-77.1776326;#job
"RT @ULTIMATE_LQFANB: I made a cover of SPARK. Hope it's not too offensive to the ears üôàüòÅ

Art by @mspainteilyn ‚úè

@lizasoberano üíô https://t‚Ä¶";Wed Aug 17 13:43:07 +0000 2016;;0.0;0.0;lizasobrabantot;cocoon;en;850.0;True;53865.0;50.1121813;8.7147231;
RT @BestMovieLine: Monty Python and the Holy Grail https://t.co/wHZ2kHAzy5;Wed Aug 17 13:43:07 +0000 2016;;0.0;0.0;nick23perry;Yakima, WA;en;418.0;True;4296.0;46.601557;-120.510842;
RT @PeaceOpsCIC: Where are the #Europeans? Will they ever again be big contributors to @UNPeacekeeping?  https://t.co/ohakpBXpDM https://t.‚Ä¶;Wed Aug 17 13:43:08 +0000 2016;;0.0;0.0;FBAFolke;Stockholm;en;3594.0;False;3920.0;59.3251172;18.0710935;#Europeans?
RT @wordpressbot_: Python: For Beginners, Learn Python Fast! Python Programming Language Crash Course  here  https://t.co/UajffKuiBL #javas‚Ä¶;Wed Aug 17 13:43:09 +0000 2016;;0.0;0.0;annatomkaartist;Budapest, Magyarorsz√°g;hu;1198.0;False;19629.0;47.4983815;19.0404707;#javas‚Ä¶
RT @Write4Research: Five Minutes with Professor Gary King: Transformational power of big data lies, pure and simple, in its analytics https‚Ä¶;Wed Aug 17 13:43:09 +0000 2016;;0.0;0.0;elfriesen;Utrecht, The Netherlands;en;304.0;True;5962.0;52.08095165;5.12768031549829;
"RT @ULTIMATE_LQFANB: I made a cover of SPARK. Hope it's not too offensive to the ears üôàüòÅ

Art by @mspainteilyn ‚úè

@lizasoberano üíô https://t‚Ä¶";Wed Aug 17 13:43:11 +0000 2016;;0.0;0.0;lalainedgs;Paris, France;en;857.0;True;18906.0;48.8566101;2.3514992;
RT @NYCHBL: RT @HealthITNews: Precision medicine: Analytics, data science and EHRs in the new age https://t.co/Q81uRo6fUv #PopHealthIT;Wed Aug 17 13:43:20 +0000 2016;;0.0;0.0;AGDGRoque;Pennsylvania, USA;en;6535.0;True;3101.0;40.9699889;-77.727883;#PopHealthIT
"RT @ULTIMATE_LQFANB: I made a cover of SPARK. Hope it's not too offensive to the ears üôàüòÅ

Art by @mspainteilyn ‚úè

@lizasoberano üíô https://t‚Ä¶";Wed Aug 17 13:43:20 +0000 2016;;0.0;0.0;acihrbabe18;Cabangan, Central Luzon;en;12.0;False;120.0;15.1589735;120.0555503;
"RT @Dory: It's always Florida. Always.  RT ‚Äù@SeriousStrange: A 17ft python pregnant with 87 eggs was caught in Florida."" https://t.co/pXJfj‚Ä¶";Wed Aug 17 13:43:21 +0000 2016;;0.0;0.0;meliigalvan17;FL;en;487.0;True;6709.0;27.7567667;-81.4639834;
The best comedy ever! https://t.co/1jYsmvuoMq;Wed Aug 17 13:43:27 +0000 2016;;0.0;0.0;hight_frank;Palmetto, FL;en;119.0;False;1486.0;27.5278065;-82.5836068572292;
RT @chrisfholm: Is it just me, or is Trump's campaign starting to look like the credits to Monty Python and the Holy Grail? #ThoseResponsib‚Ä¶;Wed Aug 17 13:43:30 +0000 2016;;0.0;0.0;EvieManieri;New York, NY;en;740.0;False;5351.0;40.7305991;-73.9865811;#ThoseResponsib‚Ä¶
Sparküé∂;Wed Aug 17 13:43:34 +0000 2016;;0.0;0.0;kpicban;mabalacat city, pampanga;en;254.0;False;3528.0;15.2228211;120.5733105;
RT @pypi_updates2: frida 7.3.1: Inject JavaScript to explore native apps on Windows, Mac, Linux, iOS and A... https://t.co/9Kai4UMthu;Wed Aug 17 13:43:34 +0000 2016;;0.0;0.0;annatomkaartist;Budapest, Magyarorsz√°g;hu;1198.0;False;19689.0;47.4983815;19.0404707;
"RT @MichelleVito: you show me love never apart, you're always there for me i'm alright. you are the spark üé∂ #LSS
@lizasoberano üòçüòç https://t‚Ä¶";Wed Aug 17 13:43:39 +0000 2016;;0.0;0.0;carstine_26;Lucena City, Calabarzon;en;132.0;False;1307.0;13.9269297;121.6131654;#LSS
RT @BestMovieLine: Monty Python and the Holy Grail https://t.co/wHZ2kHAzy5;Wed Aug 17 13:43:48 +0000 2016;;0.0;0.0;Li__um;Highland Village, TX;en;285.0;False;5931.0;33.091788;-97.0466758;
I'm a spark and you're a boom;Wed Aug 17 13:43:57 +0000 2016;;0.0;0.0;ANTlbiotics;Earth-616;en;1151.0;False;24338.0;14.6761486;121.0348183;
"""you are the spark, undying light
you are my everything,my desire...""

lss na talaga @lizasoberano
#DolceAmoreBusted https://t.co/HK69FO6gSS";Wed Aug 17 13:43:57 +0000 2016;;0.0;0.0;jemlovesyuu;Philippines;en;1613.0;True;54549.0;12.7503486;122.7312101;#DolceAmoreBusted
New report: Hadoop software industry analysis, size, share and 2021 forecast - WhaTech https://t.co/fMLHSWCnez https://t.co/22LREDUCa5;Wed Aug 17 13:43:58 +0000 2016;;0.0;0.0;ProjectAnalysis;Chester, UK;en;1369.0;False;29216.0;53.1908873;-2.8908954;
qtgurlxx: 1ClickSparkCluster for Your Big Data Center Cloud - https://t.co/Xt9pA8dXiQ Relativity Visualized: https://t.co/f92cqyL1YP;Wed Aug 17 13:44:03 +0000 2016;;0.0;0.0;CloudataNow;San Francisco, CA;en;880.0;False;2066900.0;37.7792808;-122.4192362;
RT @coast2coastpd: How Your Biggest Failure Can Spark Your Greatest Success... - https://t.co/Xw0EfMmUKs;Wed Aug 17 13:44:03 +0000 2016;;0.0;0.0;Raymond_Norman;WI.MN.USA;en;23977.0;False;265835.0;44.00044095;-92.45452705;
RT @BestMovieLine: Monty Python and the Holy Grail https://t.co/wHZ2kHAzy5;Wed Aug 17 13:44:04 +0000 2016;;0.0;0.0;Mohradim;Grenoble;en;140.0;False;3470.0;45.182478;5.7210773;
".@JustinCapponPro on #Periscope: üéØ THE ELEVATOR PITCH üéØTips, Do's, &amp; Don'ts for crafting a pitch that will SPARK ‚Ä¶ https://t.co/S0ls3Id9vw";Wed Aug 17 13:44:06 +0000 2016;;0.0;0.0;toniaquarterman;Florida;en;81.0;False;864.0;27.7567667;-81.4639834;#Periscope:
Seeking Experienced Researcher for MSCA-IF-EF-SE 2016. Background in data science and IoT-smart sensors required https://t.co/DsWWP1h58E;Wed Aug 17 13:44:06 +0000 2016;;0.0;0.0;NSAlmodovar;Madrid, Comunidad de Madrid;es;125.0;True;124.0;40.4167047;-3.7035824;
RebeEngland: 1ClickKafkaCluster for Your Big Data Center Cloud - https://t.co/nw2oSUiyRB Real ACT 3rd Prep Guide: https://t.co/mx4kTQVoKC;Wed Aug 17 13:44:07 +0000 2016;;0.0;0.0;CloudataNow;San Francisco, CA;en;880.0;False;2066901.0;37.7792808;-122.4192362;
#lizasoberano posted August 17, 2016 at 09:39PM https://t.co/qr1uIAO1vx;Wed Aug 17 13:44:09 +0000 2016;;0.0;0.0;sweetamoreblog;Republic of the Philippines;en;4.0;False;541.0;12.7503486;122.7312101;#lizasoberano
"you are the spark, undying light, you are my everything , my desire üíïüéß
#PushAwardsLizQuens 
#DolceAmoreBusted";Wed Aug 17 13:44:09 +0000 2016;;0.0;0.0;mamaradloicka_;Wonderland;en;641.0;True;40344.0;16.3131877;121.1297478;#PushAwardsLizQuens #DolceAmoreBusted
RT @PeaceOpsCIC: Where are the #Europeans? Will they ever again be big contributors to @UNPeacekeeping?  https://t.co/ohakpBXpDM https://t.‚Ä¶;Wed Aug 17 13:44:11 +0000 2016;;0.0;0.0;bjornhamland;Vollen, Norway;no;520.0;False;694.0;59.8084096;10.4818905;#Europeans?
Sarah? Have we ever even talked about Monty Python Ûæ∞Æ? https://t.co/UqLVER7RAH;Wed Aug 17 13:44:14 +0000 2016;;0.0;0.0;nathanmaschine;my mind;en;58.0;True;1880.0;39.3313419;-76.6339949;
RT @craigbrownphd: Amazon Kinesis Analytics and the road to Big Data's killer app: Kinesis Analytics makes i... https://t.co/WOUHY8eXS9 #Bi‚Ä¶;Wed Aug 17 13:44:15 +0000 2016;;0.0;0.0;s0schurch;Arnold, MO;en;273.0;True;3989.0;38.4328317;-90.3776186;#Bi‚Ä¶
@bjee77 @Mary27Ellen You could say exactly the same about sperm, and in one Tweet you've reached Monty Python. Don't be daft.;Wed Aug 17 13:44:21 +0000 2016;;0.0;0.0;HappySinger;Penrith, Sydney;en;3162.0;True;63281.0;-33.751111;150.6941667;
Data Analyst Hadoop Python Developer Jobs in Irving, TX #Irving #TX #jobs #jobsearch https://t.co/SmapxH4Ypp;Wed Aug 17 13:44:32 +0000 2016;;0.0;0.0;jobfindlypython;United States;en;960.0;False;95734.0;39.7837304;-100.4458824;#Irving #TX #jobs #jobsearch
"RT @lizasoberano: Listen to ""Spark,"" my single from the Dolce Amore OST album - now on Spotify. Physical release on August 19! ‚ù§Ô∏è https://t‚Ä¶";Wed Aug 17 13:44:34 +0000 2016;;0.0;0.0;mariakath_;Manila,Philippines;en;111.0;True;6800.0;14.5906216;120.9799696;
RT @SilverSherpa: New research: earliest signs of #Alzheimers related to decreased blood flow #ElderCare  @OntarioBrain @TheNeuro_MNI  http‚Ä¶;Wed Aug 17 13:44:36 +0000 2016;;0.0;0.0;TheNeuro_MNI;Montreal ;en;2682.0;False;1329.0;45.5087928;-73.5539819;#Alzheimers #ElderCare
"RT @ULTIMATE_LQFANB: I made a cover of SPARK. Hope it's not too offensive to the ears üôàüòÅ

Art by @mspainteilyn ‚úè

@lizasoberano üíô https://t‚Ä¶";Wed Aug 17 13:44:37 +0000 2016;;0.0;0.0;Realbebay;Bonifacio High Street;en;74.0;False;19637.0;14.55049515;121.051316013746;
"RT @ULTIMATE_LQFANB: I made a cover of SPARK. Hope it's not too offensive to the ears üôàüòÅ

Art by @mspainteilyn ‚úè

@lizasoberano üíô https://t‚Ä¶";Wed Aug 17 13:44:41 +0000 2016;;0.0;0.0;HopeLoveQuenito;La Presa, Benguet;en;131.0;False;15180.0;16.4589777;120.745447804036;
CARRINDIAN: 1ClickCassandraCluster for Your Big Data Center Cloud - https://t.co/HzceuBn21w Those Who Can, Teach: https://t.co/MjDhPEdsjp;Wed Aug 17 13:44:41 +0000 2016;;0.0;0.0;CloudataNow;San Francisco, CA;en;880.0;False;2066906.0;37.7792808;-122.4192362;
"RT @Dory: It's always Florida. Always.  RT ‚Äù@SeriousStrange: A 17ft python pregnant with 87 eggs was caught in Florida."" https://t.co/pXJfj‚Ä¶";Wed Aug 17 13:44:45 +0000 2016;;0.0;0.0;Waves_So_Sick;  Chicago  ;en;6592.0;False;19809.0;41.8755546;-87.6244211;
Looking for a Senior Big Data #Architect - #Toronto in Toronto, ON Canada https://t.co/HTBsmiU0a3 #job #architect;Wed Aug 17 13:44:54 +0000 2016;;0.0;0.0;DavangPatel;Montreal, Quebec;en;391.0;True;7543.0;45.5087928;-73.5539819;#Architect #Toronto #job #architect
carlottarichar7: HyperScale HyperConvergence Big Data Cloud Advanced Training - https://t.co/rXPdl5ke1O: https://t.co/kFx1mtQpos;Wed Aug 17 13:44:56 +0000 2016;;0.0;0.0;CloudataNow;San Francisco, CA;en;880.0;False;2066907.0;37.7792808;-122.4192362;
RT @MongoDB: #MongoDB named a leader in The @Forrester Wave: #BigData #NoSQL Q3 2016‚Äã. Download it now: https://t.co/in4nG37gX2 https://t.c‚Ä¶;Wed Aug 17 13:45:00 +0000 2016;;0.0;0.0;Jennifer_Seelin;New York;en;849.0;True;2429.0;40.7305991;-73.9865811;#MongoDB #BigData #NoSQL
Python: user input and commandline arguments #python #input #command-line-arguments https://t.co/ejxaScFQm1;Wed Aug 17 13:45:00 +0000 2016;;0.0;0.0;PythonQnA;Bengaluru, India;en;128.0;False;12455.0;12.9791198;77.5912997;#python #input #command-line-arguments
Burn the talent churn using Big Data https://t.co/2FEhN4ju1z;Wed Aug 17 13:45:01 +0000 2016;;0.0;0.0;russellharper;Marlow;en;389.0;False;4543.0;51.5718668;-0.7769499;
Getting started with machine learning in Python - Crowdcast https://t.co/aSTLTCH1f8 https://t.co/jeVWKgTehg;Wed Aug 17 13:45:02 +0000 2016;;0.0;0.0;darkelda;Paris, France;fr;656.0;True;21312.0;48.8566101;2.3514992;
"RT @nicolambn: How to become a Data driven Business 
https://t.co/OIZCmeoffS ‚Ä¶ 
#Data #BigData #DataDriven #DataQuality";Wed Aug 17 13:45:02 +0000 2016;;0.0;0.0;DQ_Global;Worldwide;en;1344.0;False;3003.0;53.4575797;-2.226672;#Data #BigData #DataDriven #DataQuality
'Does your Work Spark JOY?' by @leepryke shared via @KlussterApp https://t.co/jjK53GFKfI;Wed Aug 17 13:45:03 +0000 2016;;0.0;0.0;zimpeterw;Ontario, Canada;en;14598.0;False;41405.0;50.0000002;-86.0;
The next big thing: outsourcing your data analytics https://t.co/s9BbK6EyBK;Wed Aug 17 13:45:04 +0000 2016;;0.0;0.0;Gabokappa;London;en;355.0;True;3725.0;51.5073219;-0.1276473;
The Science of Data-Driven Storytelling #measure #analytics #bigdata #datascience https://t.co/4HRoAMerEo;Wed Aug 17 13:45:04 +0000 2016;;0.0;0.0;jonnylongden;Leeds, England;en;17749.0;False;8311.0;53.7974185;-1.543794;#measure #analytics #bigdata #datascience
The next big thing: outsourcing your data analytics - https://t.co/fth2JgPjkA;Wed Aug 17 13:45:05 +0000 2016;;0.0;0.0;thusmann;Z√ºrich, Switzerland;de;470.0;True;1567.0;47.3685586;8.5404434;
5 Free Data Science eBooks For Your Summer Reading List https://t.co/in8OPYYSsv;Wed Aug 17 13:45:05 +0000 2016;;0.0;0.0;Szaki85;Budapest, Hungary;en;1353.0;False;3805.0;47.4983815;19.0404707;
#Opinion: Are #big #data #analytics more important than the #cloud? @RWW #PLATFORMS https://t.co/I589hq3iyn https://t.co/UAqVW23DUm;Wed Aug 17 13:45:08 +0000 2016;;0.0;0.0;LXRGuide;New Jersey, USA;en;294.0;False;243.0;40.0757384;-74.4041621;#Opinion: #big #data #analytics #cloud? #PLATFORMS
Making LOCAL GOVERNMENT work in Africa is to make them have  BIG DATA oriented development- (data on everything in development);Wed Aug 17 13:45:09 +0000 2016;;0.0;0.0;UIDC_UG;Kampala, Uganda;sv;381.0;False;10031.0;0.3177137;32.5813539;
"RT @Dory: It's always Florida. Always.  RT ‚Äù@SeriousStrange: A 17ft python pregnant with 87 eggs was caught in Florida."" https://t.co/pXJfj‚Ä¶";Wed Aug 17 13:45:09 +0000 2016;;0.0;0.0;spoiledjimmies;Kentucky, USA;en;88.0;False;2071.0;37.5726028;-85.155141;
RT @HuddleToday: T4G president Geoff Flood talks big, but he's got the data to back it up: https://t.co/yhzMJYvsi4;Wed Aug 17 13:45:10 +0000 2016;;0.0;0.0;jkamerman;New Brunswick, Canada;en;67.0;True;255.0;46.5;-66.7499999;
‚ÄòHow Patients Think‚Äô: Filling In Big Data‚Äôs Gaps https://t.co/lgizKgzQ6y;Wed Aug 17 13:45:17 +0000 2016;;0.0;0.0;Innovatorunit;London, England;en-gb;82.0;False;208.0;51.5073219;-0.1276473;
RT @IBMzSystems: A or B: The top business beneÔ¨Åt of improved data analytics is ____. More info: https://t.co/p3e2hfVDnI #Spark #IBMz https:‚Ä¶;Wed Aug 17 13:45:19 +0000 2016;;0.0;0.0;g_vinay15;Bengaluru, India;en;167.0;True;7524.0;12.9791198;77.5912997;#Spark #IBMz
RT @MzkayeL: #PushAwardsLizQuens cto lizasoberano: RT ULTIMATE_LQFANB: I made a cover of SPARK. Hope it's not too offensive to ‚Ä¶ https://t.‚Ä¶;Wed Aug 17 13:45:24 +0000 2016;;0.0;0.0;quenhope2014;Away from Home;en;11.0;False;10633.0;38.9125;-77.0167999;#PushAwardsLizQuens
Please do your part and follow #fire restrictions. One spark is all it takes to ignite a fire. https://t.co/HRJtjiycN7;Wed Aug 17 13:45:25 +0000 2016;;0.0;0.0;BoiseFire;Boise, Idaho;en;1915.0;True;613.0;43.61656;-116.2008349;#fire
RT @BestMovieLine: Monty Python and the Holy Grail https://t.co/wHZ2kHAzy5;Wed Aug 17 13:45:31 +0000 2016;;0.0;0.0;CantosPM;Alberta, Canada;en;517.0;False;3368.0;55.0;-114.9999998;
Send big data to your family, friends and colleagues! https://t.co/27pXMPTtBM;Wed Aug 17 13:45:32 +0000 2016;;0.0;0.0;ki_twap;Indonesia;id;12.0;False;234.0;-4.7993355;114.5632032;
RT @marcusborba: Use Big Data to Create Value for Customers, Not Just Target Them https://t.co/o5xhogEfXe via @data_nerd #BigData;Wed Aug 17 13:45:32 +0000 2016;;0.0;0.0;datatorrent;San Jose, CA;en;4415.0;True;879.0;37.3361905;-121.8905832;#BigData
@HeerJeet Some on the left want Trump win to spark revolutionary change. Might Britebart want same for establishment GOP to spark uprising?;Wed Aug 17 13:45:49 +0000 2016;;0.0;0.0;mrlloydgp;Amsterdam;en;166.0;False;526.0;52.374436;4.8979956033677;
Now hiring for https://t.co/FfjkY7UIxK Engineer (Hadoop) Needed - FL in Temple Terrace, FL https://t.co/bSAqM4QuKn #job;Wed Aug 17 13:45:52 +0000 2016;;0.0;0.0;Janovah;California;en;434.0;False;24355.0;36.7014631;-118.7559973;#job
Here is the huge collection of numpy, pandas, matplotlib, and seaborn examples that you have been looking for. https://t.co/klZjmmvr62;Wed Aug 17 13:45:52 +0000 2016;;0.0;0.0;jacobeisenstein;Atlanta, GA;en;1964.0;False;1419.0;33.7490987;-84.3901848;
"RT @TeluguStates: No one can replace chiranjeevi ,but i like the spark &amp; spontaneity of Allu Arjun . My Favorite Hero is Prabhas  - Telanga‚Ä¶";Wed Aug 17 13:45:53 +0000 2016;;0.0;0.0;ArjunFanatic;Chennai, India;en;126.0;False;3006.0;13.0796914;80.2829533;
kamzou08: 1ClickElasticSearchCluster for Your Big Data Center Cloud - https://t.co/KJWVbv890U Management: https://t.co/XBdWorVvYy;Wed Aug 17 13:45:55 +0000 2016;;0.0;0.0;CloudataNow;San Francisco, CA;en;880.0;False;2066909.0;37.7792808;-122.4192362;
You're only given a little spark of madness. You mustn't lose it. -Robin Williams;Wed Aug 17 13:45:58 +0000 2016;;0.0;0.0;NancyPowell3;London;en;9.0;False;621.0;51.5073219;-0.1276473;
@JoshLuke4Health thanks 4 the follow! Curious how #bigdata can benefit ur company? Check out https://t.co/OtbiH5PH2x for big data solutions!;Wed Aug 17 13:46:08 +0000 2016;;0.0;0.0;AvlinoAlenza;Holmdel, NJ;en;1360.0;True;965.0;40.3451095;-74.1840321;#bigdata
RT @BoiseFire: Please do your part and follow #fire restrictions. One spark is all it takes to ignite a fire. https://t.co/HRJtjiycN7;Wed Aug 17 13:46:10 +0000 2016;;0.0;0.0;idahogrizzley;Boise, ID;en;55.0;False;59.0;43.61656;-116.2008349;#fire
So why did they have to kill it though?  https://t.co/PRfHoFMeGw;Wed Aug 17 13:46:14 +0000 2016;;0.0;0.0;therealwavey;Ny ;en;1095.0;True;69823.0;43.1561681;-75.8449945;
RT @EasyAnalytics1: How data science conquered baseball ‚Äì and why fantasy baseball is next https://t.co/pSSikOVwTU https://t.co/82bIa7bjcm;Wed Aug 17 13:46:15 +0000 2016;;0.0;0.0;Pvalsfr;Nord-Pas-de-Calais, France;fr;1600.0;False;260558.0;50.52939535;2.45002734526307;
@BenjaminMarcon: Making Big Data Drive Digital Transformation ‚Äì As Disru...... https://t.co/42LpIkeh2t https://t.co/0voQvOJBLL;Wed Aug 17 13:46:15 +0000 2016;;0.0;0.0;GuegoC;Ile-de-France, France;fr;92.0;True;3319.0;48.5716633;2.5670187;
arcade_mobile: 1ClickElasticSearchCluster for Your Big Data Center Cloud - https://t.co/UQxpVCWtol: Live Bait: https://t.co/N56nKwiuoH;Wed Aug 17 13:46:16 +0000 2016;;0.0;0.0;CloudataNow;San Francisco, CA;en;880.0;False;2066911.0;37.7792808;-122.4192362;
RT @jacobeisenstein: Here is the huge collection of numpy, pandas, matplotlib, and seaborn examples that you have been looking for. https:/‚Ä¶;Wed Aug 17 13:46:18 +0000 2016;;0.0;0.0;alexhanna;Toronto, ON;en;3611.0;True;61492.0;43.6529206;-79.3849007;
Big Data Is Taking The Digital World By Storm https://t.co/uWIDAOeOji #tech #bigdata #cloud https://t.co/Uk2DNuVIcn;Wed Aug 17 13:46:20 +0000 2016;;0.0;0.0;AukseNzir;London, England;en;44.0;False;2247.0;51.5073219;-0.1276473;#tech #bigdata #cloud
Big Data Is Taking The Digital World By Storm https://t.co/Hrx8WsS0pg #tech #bigdata #cloud https://t.co/4yobRecirF;Wed Aug 17 13:46:22 +0000 2016;;0.0;0.0;pattersonpolly1;London;en;63.0;False;2233.0;51.5073219;-0.1276473;#tech #bigdata #cloud
Must watch movies on Data Science via /r/datascience https://t.co/pgvymYLBl4;Wed Aug 17 13:46:24 +0000 2016;;0.0;0.0;chris_n_vinegar;Baltimore, MD;en;254.0;True;31334.0;39.2908608;-76.6108072;
Amazon Kinesis Analytics and the road to Big Data's killer app: Kinesis Analytics makes it easier to do strea... https://t.co/lg3Beib7Qk;Wed Aug 17 13:46:29 +0000 2016;;0.0;0.0;tWoodlandsTech;The Woodlands, TX;en;165.0;False;1796.0;30.1734194;-95.5046859;
RT @jacobeisenstein: Here is the huge collection of numpy, pandas, matplotlib, and seaborn examples that you have been looking for. https:/‚Ä¶;Wed Aug 17 13:46:30 +0000 2016;;0.0;0.0;ccb;Philadelphia, PA;en;2351.0;True;1189.0;39.9523993;-75.1635898;
Updated guides for Adobe Spark Page and Adobe Spark Video (formerly Adobe Voice) https://t.co/AkoPgoDRIO;Wed Aug 17 13:46:32 +0000 2016;;0.0;0.0;BVEdTec;Overland Park, Kansas;en;1647.0;False;5173.0;38.9822282;-94.6707916;
